{
   "red_block_position": [
      653.5643306241374,
      441.9950927771814
   ],
   "red_block_orientation": 89.7196273803711,
   "green_block_position": [
      902.7829964328181,
      185.21957986523978
   ],
   "green_block_orientation": 26.975744247436527,
   "blue_block_position": [
      805.9352755256286,
      329.2583482204205
   ],
   "blue_block_orientation": 47.37146377563476
}